protocol,message_count,handshake_latency_ms,encryption_latency_ms,memory_usage_mb,cpu_utilization_pct,throughput_mbps
baseline,100,1.657300,0.007113,0.019531,0.000000,11.256168
baseline,500,1.324300,0.006415,0.011719,114.012813,12.352713
baseline,1000,1.458800,0.007837,0.005208,36.654140,10.243684
proposed,100,32.538033,1.662424,0.106771,98.854970,0.044717
proposed,500,32.462267,1.689556,0.035156,99.243779,0.043903
proposed,1000,36.117900,2.062342,0.020833,96.695587,0.036800
